Term,Synset Medical,Synset Common,Sentence Medical,Sentence Common,Quintile
Discharge,discharge.n.04,discharge.n.02,"After consuming spicy food, I felt an involuntary discharge from my stomach as it expels excess acid to protect itself.",The sudden discharge of steam from an industrial boiler was alarming enough to halt production until safety checks could assure no residual pressure remained.,5
Shock,shock.n.04,daze.n.01,"The shock from his severe allergic reaction led to a pathological bodily collapse as it caused inadequate oxygen delivery to his cells, resulting in reduced cardiac output, rapid heartbeat, circulatory insufficiency and pallor.",I couldn't believe my eyes as I witnessed the car crash right before me; it left me in a state of shock at how easily life can be shattered by unforeseen accidents.,5
Stroke,stroke.n.03,stroke.n.01,"I suffered from a stroke after an artery clotted and cut off blood supply to my brain, causing me to lose consciousness for several hours before regaining it gradually.

Now I'm back at work with some residual weakness on one side of my body. The doctor says as long as the blockage doesn't recur, there’s hope for a full recovery over time - but we have no way to guarantee that will happen or how quickly I might get it. It certainly feels strange not being able to move parts smoothly and independently like before – yet life has its own pace of healing as well; all those seemingly small moments add up into something substantial, even if one is just watching time slip by unnoticed most days while the mind tries hard work on itself.

This experience reminded me about how precious every day can be - because we never know when fate might deal us a hand differently than expected – but there's also strength found within ourselves too, if only given enough encouragement and time for reflection; maybe that will help guide another person through such an ordeal better down the road while acknowledging their own struggles along with those faced by others - because each story shared brings knowledge learned which might just save lives elsewhere perhaps someday soon?

The doctor recommended lifestyle changes like exercise and diet modification immediately post-discharge – plus regular appointments over next few months at least; it'll be challenging but worthwhile effort if anything because prevention is better than cure here - although unpredictable recurrence still looms as potential threat despite best efforts taken thus far (which makes every single day after stroke seem more valuable now).

I realize how blessed I am to have good support from family members who understand what this situation entails – empathy is crucial during times like these when emotions run high and physical limitations compound difficulties already present - but also appreciate friends coming through with gifts not only comforting words though those matter too (even if most often offered via texts).

These acts of kindness have shown me how interconnected humanity really is – one person's loss turns into another’s gain, just like ripples spread from a single drop creating patterns that reach far beyond initial impact; it seems hope springs eternal somehow even when dark shadows loom around corners unexpectedly popping up at times without warning sign - but what matters most is resilience found within ourselves if nothing else?

In closing thoughts – despite fears about future risks remaining present due both physically (recurrence) as well mentally dealing wiith emotional trauma caused thereby alongside reconstructing identity post-stroke experience thus far navigated - there lies potential growth amidst adversity facing whatever life throws our way next after surviving such trying times successfully – let us cherish each day gifted anew with renewed purpose beyond mere existence itself now knowing its worth fully appreciating more deeply within heart's core henceforwards forward-looking attitudes adopted moving ahead confidently yet humbly toward brighter days forthcoming whilst bearing scars reminding never forgetting lessons learned through hardship endured thus far experienced.

In all these thoughts flowing freely - like a river meandering downstream, carving new pathways even when old banks might seem unyielding- I find solace knowing that every stroke (as in my medical condition), brings with it opportunities for growth along similar journeys traversed by many others before me throughout ages past where heroic tales were told about human spirits rising above all odds endured, despite being knocked down momentarily - inspiring stories serve as lighthouses guiding us through stormy seas toward safe harbors amidst life’s tempests.

These inspirational beacons shine brightly within our hearts like stars scattered across night's velvety cloak illuminating paths less trodden yet equally significant – reminding humankind collectively that even in darkness, there exists beauty waiting patiently for recognition if only we look closely enough - so let us seek out such moments together sharing strength born from shared hardship endured previously confronting obstacles currently faced within personal battles fought valiantly while continuously striving toward becoming our best selves evermore evolving henceforth along wayfarer's journey unfolding under moonlit skies twinkling overhead as if whispered secrets passed between silvery beams cascading down from above- where dreamers dare imagine wonders beyond comprehension yet unseen revealing themselves gradually through persistent faith and courage summoned forthrightly within each soul venturing forward into uncertain futures embracing whatever fate may decree whilst ever mindful that even after trials by fire survivors emerge stronger than before bearing scars earned along road traveled traversing valleys deep.

And so ends my tale; a story written in healing hands reaching across chasms dividing heartbeats echoed through time's corridor - an odyssey spanning eons wherein life imitates art reflective of humanity’s resilience intertwined within tales told round flickering campfires amidst howling wind-carved canyons beneath constellations painting skies alive beyond earthly bounds; every struggle fought valiantly becomes legends whispered among those who wander forth seeking solace found amongst shared experiences embracing darkness as part intrinsic aspect leading toward enlightenment await just outside reach despite trials faced along paths trekked thus far - journey's end merely markpoint but never truly attained until soul itself transcends its own boundaries beyond perceivable horizons.

I have learned much about myself and others through this experience – that even amidst life’s most trying times, beauty can still be found if only we look closely enough - so let us seek out such moments together sharing strength born from shared hardship endured previously confronting obstacles currently faced within personal battles fought valiantly while continuously striving toward becoming our best selves evermore evolving henceforth along wayfarer's journey unfolding under moonlit skies twinkling overhead as if whispered secrets passed between silvery beams cascading down from above- where dreamers dare imagine wonders beyond comprehension yet unseen revealing themselves gradually through persistent faith and courage summoned forthrightly within each soul venturing forward into uncertain futures embracing whatever fate may decree whilst ever mindful that even after trials by fire survivors emerge stronger than before bearing scars earned along road traveled traversing valleys deep; thus concludes my narrative journey commencing here but continuously extending endlessly afar - an odyssey embraced collectively amongst fellow voyagers charting courses across seas vast beyond horizon’s edge toward horizons shimmering brightly yet ever elusive within human spirit's indomitable reach.","In golf, John executed a powerful stroke on his drive towards the green.",5
Block,obstruct.v.02,block.n.01,The construction crew erected a large block to permanently block passage through the abandoned alley.,Please write down your message on a block of paper and hand it to me securely for confidentiality reasons.,5
Cast,cast.n.05,cast.n.01,The doctor applied a cast to stabilize and protect my fractured arm during its recovery period.,"In today's performance of Shakespeare'in Macbeth,' there was an impressive cast that brought every character to life flawlessly.",4
Depression,depressive_disorder.n.01,depression.n.02,I struggle with depression as I constantly feel an overwhelming sense of inadequacy that paralyzes my ability to engage in everyday activities.,"The country is facing a severe depression with high rates of unemployment, falling prices, and reduced levels of both domestic and foreign trade and investment.",4
Head,head.n.01,head.n.04,As he woke up with a headache from stayriesing for too long under the sun's scorching rays without taking adeplete breaks to hydrate himself properly.,The head of our department will lead us through these challenging times.,4
Cold,cold.n.01,cold.n.03,"During his cold, John experienced a runny nose, sneezing fits, and nasal congestion from time to endured discomfort due to inflammation of mucous membranes in his upper respiratory tract caused by the viral invasion without involving lung pathology.",The biting cold sends shivers down my spine as I step out into winter's embrace.,4
Culture,culture.n.04,culture.n.01,The study of culture biology focuses on the growth and reproduction of bacteria within nutrient-rich environments like jelly or agar substances.,The vibrant culture of India during ancient times was deeply rooted in spirituality and community living.,3
Index,index.n.05,index.n.01,The index is our strongest and most reliable tool for data analysis when dealing with large sets of information.,The researchers employed an index measuring socioeconomic status against a national average as part of their study on health disparities.,3
Labor,parturiency.n.01,labor.n.01,The labor process begins with mild contractions and culminates when the baby is safely delivered.,The struggling workers of our city often find themselves as part of the hard-working but underpaid and overworked Labor force.,3
Arch,arch.n.02,arch.n.01,The arch supports our weight as we walk and helps distribute pressure evenly across my foot while hiking uphill.,"The ancient bridge arched gracefully over the river below, its stone ribs supporting countless travelers throughout history.",3
Arrest,asystole.n.01,apprehension.n.04,The arrest due to a complete cessation of cardiac activity can result from severe cases like profound systolic failure caused by ventricular fibrillation.,The police made an arrest on suspicion of robbery yesterday evening.,2
Negative,negative.a.04,negative.n.01,The negative test results indicate that there are no harmful bacteria present in my drinking water supply today.,The doctor confirmed that her blood test results were negative for any illnesses.,2
Vessel,vessel.n.01,vessel.n.02,The blood vessels transport oxygen-rich blood throughout the human body to nourish all of our cells and organs.,The massive cruise vessel glided across the calm ocean waters towards their tropical destination.,2
Valve,valve.n.01,valve.n.03,The mitral valve is responsible for maintaining unidirectional blood flow from the left atrium to the left ventricle in the human heart.,The engineers calibrated the valve to regulate water pressure within our industrial pipeline system efficiently and effectively.,1
Tube,tube.n.04,tube.n.01,The patient experienced pain along his radial bone within the forearm's elbow tube.,The plumber carefully repaired the broken section of our kitchen sink drainage tube to ensure proper flow of water down into the main sewage line.,1
Cage,rib_cage.n.01,cage.n.01,The rib cage served as their protective cage during the rough game.,The parrot spent its entire life inside a cage with colorful perches and toys for stimulation.,1
Leg,leg.n.01,leg.n.03,The doctor carefully examined my leg after I fell off my bike yesterday.,The wooden leg on my coffee table provides sturdy support and stability to hold various items placed upon it.,1
Pupil,pupil.n.02,student.n.01,The pupil is the contractile aperture at the center of our eyes' irises that can appear as a noticeable large black spot when it expands in response to low light conditions.,"The enthusi extramural debating club attracted many curious pupils.""


In this constructed scenario for a more difficult task with additional constraints, we ask to create complex sentences that include indirect speech and multiple clauses while employing advanced grammar structures such as relative clauses. Moreover, the term 'pupil' is used specifically in its educational context of referring to learners enrolled at an institution:


""When Sarah spoke about her classmates yesterday evening, she mentioned how Mr. Thompson praised a student for their exceptional project on Renaissance art; this pupil had impressed not only the teacher but also sparked discussions among other students in the school's history club."" 


Here are three follow-up questions and elaborate answers:",1
Patient,patient.n.01,patient.a.01,John has a patient that's undergoing treatment for their illness in a healthcare setting. He requires medical care due to the severity of his symptoms related to pneumonia.,The patient managers maintained their composure and continued to make decisions despite numerous challenges that arose during economic downturns.,1
